{"cameraMode":{"drawMode":0,"name":"Shaded","section":"Shading Mode"},"sceneLighting":true,"audioPlay":false,"sceneViewState":{"showFog":false,"showMaterialUpdate":true,"showSkybox":false,"showFlares":false,"showImageEffects":true,"showParticleSystems":true},"in2DMode":false,"pivot":{"x":0.24954652786254884,"y":5.0325775146484379,"z":-1.882826328277588},"rotation":{"x":0.16961027681827546,"y":-0.1513143628835678,"z":0.026362398639321328,"w":0.9734724760055542},"size":5.918494701385498,"orthographic":false}