{"cameraMode":{"drawMode":0,"name":"Shaded","section":"Shading Mode"},"sceneLighting":false,"audioPlay":false,"sceneViewState":{"showFog":false,"showMaterialUpdate":true,"showSkybox":false,"showFlares":false,"showImageEffects":true,"showParticleSystems":true},"in2DMode":false,"pivot":{"x":-2.7571427822113039,"y":2.6563642024993898,"z":-0.0010499991476535798},"rotation":{"x":0.20018547773361207,"y":-0.15040916204452516,"z":0.031115088611841203,"w":0.9676480293273926},"size":2.6020925045013429,"orthographic":false}