{"cameraMode":{"drawMode":0,"name":"Shaded","section":"Shading Mode"},"sceneLighting":true,"audioPlay":false,"sceneViewState":{"showFog":false,"showMaterialUpdate":true,"showSkybox":false,"showFlares":false,"showImageEffects":true,"showParticleSystems":true},"in2DMode":false,"pivot":{"x":8.014347076416016,"y":-50.305721282958987,"z":-62.234840393066409},"rotation":{"x":-0.01956610009074211,"y":-0.9504026174545288,"z":0.3043330907821655,"w":-0.0611036941409111},"size":53.80509948730469,"orthographic":false}