{"cameraMode":{"drawMode":0,"name":"Shaded","section":"Shading Mode"},"sceneLighting":false,"audioPlay":false,"sceneViewState":{"showFog":false,"showMaterialUpdate":true,"showSkybox":false,"showFlares":false,"showImageEffects":true,"showParticleSystems":true},"in2DMode":false,"pivot":{"x":-0.9696335792541504,"y":5.064491271972656,"z":0.41273975372314455},"rotation":{"x":0.16961027681827546,"y":-0.1513143628835678,"z":0.026362398639321328,"w":0.9734724760055542},"size":5.679934978485107,"orthographic":false}