{"cameraMode":{"drawMode":0,"name":"Shaded","section":"Shading Mode"},"sceneLighting":false,"audioPlay":false,"sceneViewState":{"showFog":false,"showMaterialUpdate":true,"showSkybox":false,"showFlares":false,"showImageEffects":true,"showParticleSystems":true},"in2DMode":false,"pivot":{"x":-2.554959774017334,"y":9.895807266235352,"z":0.7807710766792297},"rotation":{"x":0.16961027681827546,"y":-0.1513143628835678,"z":0.026362398639321328,"w":0.9734724760055542},"size":6.504610061645508,"orthographic":false}