{"cameraMode":{"drawMode":0,"name":"Shaded","section":"Shading Mode"},"sceneLighting":false,"audioPlay":false,"sceneViewState":{"showFog":false,"showMaterialUpdate":true,"showSkybox":false,"showFlares":false,"showImageEffects":true,"showParticleSystems":true},"in2DMode":false,"pivot":{"x":-1.5763360261917115,"y":8.311153411865235,"z":1.6439623832702637},"rotation":{"x":0.1626279205083847,"y":0.04171982780098915,"z":-0.00688408175483346,"w":0.9857851266860962},"size":6.144189834594727,"orthographic":false}