{"cameraMode":{"drawMode":0,"name":"Shaded","section":"Shading Mode"},"sceneLighting":false,"audioPlay":false,"sceneViewState":{"showFog":false,"showMaterialUpdate":true,"showSkybox":false,"showFlares":false,"showImageEffects":true,"showParticleSystems":true},"in2DMode":false,"pivot":{"x":-0.32530128955841067,"y":2.647944211959839,"z":-0.001499999314546585},"rotation":{"x":0.16961027681827546,"y":-0.1513143628835678,"z":0.026362398639321328,"w":0.9734724760055542},"size":8.178291320800782,"orthographic":false}