{"cameraMode":{"drawMode":0,"name":"Shaded","section":"Shading Mode"},"sceneLighting":false,"audioPlay":false,"sceneViewState":{"showFog":false,"showMaterialUpdate":true,"showSkybox":false,"showFlares":false,"showImageEffects":true,"showParticleSystems":true},"in2DMode":false,"pivot":{"x":21.204334259033204,"y":5.326297760009766,"z":19.29840087890625},"rotation":{"x":0.30828699469566347,"y":-0.21303385496139527,"z":0.07104605436325073,"w":0.9244072437286377},"size":3.9417622089385988,"orthographic":false}