{"cameraMode":{"drawMode":0,"name":"Shaded","section":"Shading Mode"},"sceneLighting":true,"audioPlay":false,"sceneViewState":{"showFog":false,"showMaterialUpdate":true,"showSkybox":false,"showFlares":false,"showImageEffects":true,"showParticleSystems":true},"in2DMode":false,"pivot":{"x":1778.5999755859375,"y":92.89999389648438,"z":0.0},"rotation":{"x":-0.24165186285972596,"y":0.07472433894872666,"z":-0.01866750419139862,"w":-0.9673037528991699},"size":280.0341491699219,"orthographic":false}